timeStamp,elapsed,label,responseCode,responseMessage,threadName,dataType,success,failureMessage,bytes,sentBytes,grpThreads,allThreads,URL,Latency,IdleTime,Connect
1695575277505,67,http://api.demo.hidayahsmart.solutions/docs,200,OK,Thread Group 1-7,text,true,,982,385,18,18,http://api.demo.hidayahsmart.solutions/docs,63,0,32
1695575277499,67,http://api.demo.hidayahsmart.solutions/docs,200,OK,Thread Group 1-2,text,true,,982,385,18,18,http://api.demo.hidayahsmart.solutions/docs,65,0,33
1695575277522,49,http://api.demo.hidayahsmart.solutions/docs,200,OK,Thread Group 1-13,text,true,,982,385,18,18,http://api.demo.hidayahsmart.solutions/docs,44,0,15
1695575277504,67,http://api.demo.hidayahsmart.solutions/docs,200,OK,Thread Group 1-6,text,true,,982,385,18,18,http://api.demo.hidayahsmart.solutions/docs,62,0,33
1695575277500,66,http://api.demo.hidayahsmart.solutions/docs,200,OK,Thread Group 1-1,text,true,,982,385,18,18,http://api.demo.hidayahsmart.solutions/docs,61,0,32
1695575277505,67,http://api.demo.hidayahsmart.solutions/docs,200,OK,Thread Group 1-9,text,true,,982,385,18,18,http://api.demo.hidayahsmart.solutions/docs,67,0,32
1695575277474,67,Test,200,"Number of samples in transaction : 1, number of failing samples : 0",Thread Group 1-7,,true,,982,385,18,18,null,63,33,32
1695575277521,49,Test,200,"Number of samples in transaction : 1, number of failing samples : 0",Thread Group 1-13,,true,,982,385,18,18,null,44,4,15
1695575277423,66,Test,200,"Number of samples in transaction : 1, number of failing samples : 0",Thread Group 1-1,,true,,982,385,18,18,null,61,80,32
1695575277423,67,Test,200,"Number of samples in transaction : 1, number of failing samples : 0",Thread Group 1-2,,true,,982,385,18,18,null,65,79,33
1695575277466,67,Test,200,"Number of samples in transaction : 1, number of failing samples : 0",Thread Group 1-6,,true,,982,385,18,18,null,62,41,33
1695575277486,67,Test,200,"Number of samples in transaction : 1, number of failing samples : 0",Thread Group 1-9,,true,,982,385,18,18,null,67,21,32
1695575277504,75,http://api.demo.hidayahsmart.solutions/docs,200,OK,Thread Group 1-10,text,true,,982,385,18,18,http://api.demo.hidayahsmart.solutions/docs,75,0,33
1695575277497,75,Test,200,"Number of samples in transaction : 1, number of failing samples : 0",Thread Group 1-10,,true,,982,385,18,18,null,75,8,33
1695575277504,83,http://api.demo.hidayahsmart.solutions/docs,200,OK,Thread Group 1-8,text,true,,982,385,19,19,http://api.demo.hidayahsmart.solutions/docs,83,0,34
1695575277476,83,Test,200,"Number of samples in transaction : 1, number of failing samples : 0",Thread Group 1-8,,true,,982,385,19,19,null,83,29,34
1695575277500,83,http://api.demo.hidayahsmart.solutions/docs,200,OK,Thread Group 1-4,text,true,,982,385,19,19,http://api.demo.hidayahsmart.solutions/docs,83,0,32
1695575277439,83,Test,200,"Number of samples in transaction : 1, number of failing samples : 0",Thread Group 1-4,,true,,982,385,19,19,null,83,61,32
1695575277514,75,http://api.demo.hidayahsmart.solutions/docs,200,OK,Thread Group 1-12,text,true,,982,385,19,19,http://api.demo.hidayahsmart.solutions/docs,75,0,23
1695575277513,75,Test,200,"Number of samples in transaction : 1, number of failing samples : 0",Thread Group 1-12,,true,,982,385,19,19,null,75,2,23
1695575277499,92,http://api.demo.hidayahsmart.solutions/docs,200,OK,Thread Group 1-3,text,true,,982,385,20,20,http://api.demo.hidayahsmart.solutions/docs,92,0,33
1695575277429,92,Test,200,"Number of samples in transaction : 1, number of failing samples : 0",Thread Group 1-3,,true,,982,385,20,20,null,92,71,33
1695575277534,64,http://api.demo.hidayahsmart.solutions/docs,200,OK,Thread Group 1-14,text,true,,982,385,20,20,http://api.demo.hidayahsmart.solutions/docs,64,0,5
1695575277533,64,Test,200,"Number of samples in transaction : 1, number of failing samples : 0",Thread Group 1-14,,true,,982,385,20,20,null,64,2,5
1695575277500,97,http://api.demo.hidayahsmart.solutions/docs,200,OK,Thread Group 1-5,text,true,,982,385,21,21,http://api.demo.hidayahsmart.solutions/docs,97,0,32
1695575277449,97,Test,200,"Number of samples in transaction : 1, number of failing samples : 0",Thread Group 1-5,,true,,982,385,21,21,null,97,52,32
1695575277541,62,http://api.demo.hidayahsmart.solutions/docs,200,OK,Thread Group 1-15,text,true,,982,385,21,21,http://api.demo.hidayahsmart.solutions/docs,62,0,5
1695575277540,62,Test,200,"Number of samples in transaction : 1, number of failing samples : 0",Thread Group 1-15,,true,,982,385,21,21,null,62,2,5
1695575277550,57,http://api.demo.hidayahsmart.solutions/docs,200,OK,Thread Group 1-16,text,true,,982,385,21,21,http://api.demo.hidayahsmart.solutions/docs,57,0,5
1695575277549,57,Test,200,"Number of samples in transaction : 1, number of failing samples : 0",Thread Group 1-16,,true,,982,385,21,21,null,57,2,5
1695575277562,46,http://api.demo.hidayahsmart.solutions/docs,200,OK,Thread Group 1-17,text,true,,982,385,21,21,http://api.demo.hidayahsmart.solutions/docs,46,0,6
1695575277560,46,Test,200,"Number of samples in transaction : 1, number of failing samples : 0",Thread Group 1-17,,true,,982,385,21,21,null,46,3,6
1695575277574,38,http://api.demo.hidayahsmart.solutions/docs,200,OK,Thread Group 1-7,text,true,,982,385,22,22,http://api.demo.hidayahsmart.solutions/docs,38,0,0
1695575277574,38,Test,200,"Number of samples in transaction : 1, number of failing samples : 0",Thread Group 1-7,,true,,982,385,22,22,null,38,0,0
1695575277574,41,http://api.demo.hidayahsmart.solutions/docs,200,OK,Thread Group 1-13,text,true,,982,385,21,21,http://api.demo.hidayahsmart.solutions/docs,41,0,0
1695575277574,41,Test,200,"Number of samples in transaction : 1, number of failing samples : 0",Thread Group 1-13,,true,,982,385,21,21,null,41,0,0
1695575277575,41,http://api.demo.hidayahsmart.solutions/docs,200,OK,Thread Group 1-1,text,true,,982,385,20,20,http://api.demo.hidayahsmart.solutions/docs,41,0,0
1695575277574,41,Test,200,"Number of samples in transaction : 1, number of failing samples : 0",Thread Group 1-1,,true,,982,385,20,20,null,41,1,0
1695575277574,45,http://api.demo.hidayahsmart.solutions/docs,200,OK,Thread Group 1-2,text,true,,982,385,20,20,http://api.demo.hidayahsmart.solutions/docs,45,0,0
1695575277574,45,Test,200,"Number of samples in transaction : 1, number of failing samples : 0",Thread Group 1-2,,true,,982,385,20,20,null,45,0,0
1695575277575,48,http://api.demo.hidayahsmart.solutions/docs,200,OK,Thread Group 1-9,text,true,,982,385,19,19,http://api.demo.hidayahsmart.solutions/docs,48,0,0
1695575277575,48,Test,200,"Number of samples in transaction : 1, number of failing samples : 0",Thread Group 1-9,,true,,982,385,19,19,null,48,0,0
1695575277574,50,http://api.demo.hidayahsmart.solutions/docs,200,OK,Thread Group 1-6,text,true,,982,385,18,18,http://api.demo.hidayahsmart.solutions/docs,50,0,0
1695575277574,50,Test,200,"Number of samples in transaction : 1, number of failing samples : 0",Thread Group 1-6,,true,,982,385,18,18,null,50,0,0
1695575277581,47,http://api.demo.hidayahsmart.solutions/docs,200,OK,Thread Group 1-19,text,true,,982,385,17,17,http://api.demo.hidayahsmart.solutions/docs,47,0,5
1695575277588,40,http://api.demo.hidayahsmart.solutions/docs,200,OK,Thread Group 1-8,text,true,,982,385,17,17,http://api.demo.hidayahsmart.solutions/docs,40,0,0
1695575277580,47,Test,200,"Number of samples in transaction : 1, number of failing samples : 0",Thread Group 1-19,,true,,982,385,17,17,null,47,1,5
1695575277588,40,Test,200,"Number of samples in transaction : 1, number of failing samples : 0",Thread Group 1-8,,true,,982,385,17,17,null,40,1,0
1695575277589,43,http://api.demo.hidayahsmart.solutions/docs,200,OK,Thread Group 1-4,text,true,,982,385,17,17,http://api.demo.hidayahsmart.solutions/docs,43,0,0
1695575277588,43,Test,200,"Number of samples in transaction : 1, number of failing samples : 0",Thread Group 1-4,,true,,982,385,17,17,null,43,1,0
1695575277590,46,http://api.demo.hidayahsmart.solutions/docs,200,OK,Thread Group 1-12,text,true,,982,385,16,16,http://api.demo.hidayahsmart.solutions/docs,46,0,0
1695575277590,46,Test,200,"Number of samples in transaction : 1, number of failing samples : 0",Thread Group 1-12,,true,,982,385,16,16,null,46,0,0
1695575277591,45,http://api.demo.hidayahsmart.solutions/docs,200,OK,Thread Group 1-20,text,true,,982,385,16,16,http://api.demo.hidayahsmart.solutions/docs,45,0,3
1695575277590,45,Test,200,"Number of samples in transaction : 1, number of failing samples : 0",Thread Group 1-20,,true,,982,385,16,16,null,45,2,3
1695575277597,41,http://api.demo.hidayahsmart.solutions/docs,200,OK,Thread Group 1-3,text,true,,982,385,15,15,http://api.demo.hidayahsmart.solutions/docs,41,0,0
1695575277597,41,Test,200,"Number of samples in transaction : 1, number of failing samples : 0",Thread Group 1-3,,true,,982,385,15,15,null,41,1,0
1695575277599,45,http://api.demo.hidayahsmart.solutions/docs,200,OK,Thread Group 1-14,text,true,,982,385,15,15,http://api.demo.hidayahsmart.solutions/docs,45,0,0
1695575277599,45,Test,200,"Number of samples in transaction : 1, number of failing samples : 0",Thread Group 1-14,,true,,982,385,15,15,null,45,0,0
1695575277603,42,http://api.demo.hidayahsmart.solutions/docs,200,OK,Thread Group 1-5,text,true,,982,385,14,14,http://api.demo.hidayahsmart.solutions/docs,42,0,0
1695575277603,42,Test,200,"Number of samples in transaction : 1, number of failing samples : 0",Thread Group 1-5,,true,,982,385,14,14,null,42,0,0
1695575277604,44,http://api.demo.hidayahsmart.solutions/docs,200,OK,Thread Group 1-15,text,true,,982,385,13,13,http://api.demo.hidayahsmart.solutions/docs,44,0,0
1695575277604,44,Test,200,"Number of samples in transaction : 1, number of failing samples : 0",Thread Group 1-15,,true,,982,385,13,13,null,44,0,0
1695575277600,51,http://api.demo.hidayahsmart.solutions/docs,200,OK,Thread Group 1-21,text,true,,982,385,13,13,http://api.demo.hidayahsmart.solutions/docs,51,0,5
1695575277600,51,Test,200,"Number of samples in transaction : 1, number of failing samples : 0",Thread Group 1-21,,true,,982,385,13,13,null,51,1,5
1695575277608,44,http://api.demo.hidayahsmart.solutions/docs,200,OK,Thread Group 1-16,text,true,,982,385,13,13,http://api.demo.hidayahsmart.solutions/docs,44,0,0
1695575277608,44,Test,200,"Number of samples in transaction : 1, number of failing samples : 0",Thread Group 1-16,,true,,982,385,13,13,null,44,0,0
1695575277609,47,http://api.demo.hidayahsmart.solutions/docs,200,OK,Thread Group 1-17,text,true,,982,385,12,12,http://api.demo.hidayahsmart.solutions/docs,47,0,0
1695575277609,47,Test,200,"Number of samples in transaction : 1, number of failing samples : 0",Thread Group 1-17,,true,,982,385,12,12,null,47,0,0
1695575277610,48,http://api.demo.hidayahsmart.solutions/docs,200,OK,Thread Group 1-22,text,true,,982,385,11,11,http://api.demo.hidayahsmart.solutions/docs,48,0,5
1695575277610,48,Test,200,"Number of samples in transaction : 1, number of failing samples : 0",Thread Group 1-22,,true,,982,385,11,11,null,48,0,5
1695575277580,83,http://api.demo.hidayahsmart.solutions/docs,200,OK,Thread Group 1-10,text,true,,982,385,12,12,http://api.demo.hidayahsmart.solutions/docs,83,0,0
1695575277580,83,Test,200,"Number of samples in transaction : 1, number of failing samples : 0",Thread Group 1-10,,true,,982,385,12,12,null,83,1,0
1695575277620,44,http://api.demo.hidayahsmart.solutions/docs,200,OK,Thread Group 1-23,text,true,,982,385,11,11,http://api.demo.hidayahsmart.solutions/docs,44,0,4
1695575277619,44,Test,200,"Number of samples in transaction : 1, number of failing samples : 0",Thread Group 1-23,,true,,982,385,11,11,null,44,2,4
1695575277629,36,http://api.demo.hidayahsmart.solutions/docs,200,OK,Thread Group 1-19,text,true,,982,385,11,11,http://api.demo.hidayahsmart.solutions/docs,36,0,0
1695575277629,36,Test,200,"Number of samples in transaction : 1, number of failing samples : 0",Thread Group 1-19,,true,,982,385,11,11,null,36,0,0
1695575277630,38,http://api.demo.hidayahsmart.solutions/docs,200,OK,Thread Group 1-24,text,true,,982,385,10,10,http://api.demo.hidayahsmart.solutions/docs,38,0,5
1695575277630,38,Test,200,"Number of samples in transaction : 1, number of failing samples : 0",Thread Group 1-24,,true,,982,385,10,10,null,38,0,5
1695575277638,38,http://api.demo.hidayahsmart.solutions/docs,200,OK,Thread Group 1-20,text,true,,982,385,11,11,http://api.demo.hidayahsmart.solutions/docs,38,0,0
1695575277637,38,Test,200,"Number of samples in transaction : 1, number of failing samples : 0",Thread Group 1-20,,true,,982,385,11,11,null,38,1,0
1695575277640,44,http://api.demo.hidayahsmart.solutions/docs,200,OK,Thread Group 1-25,text,true,,982,385,11,11,http://api.demo.hidayahsmart.solutions/docs,44,0,4
1695575277639,44,Test,200,"Number of samples in transaction : 1, number of failing samples : 0",Thread Group 1-25,,true,,982,385,11,11,null,44,2,4
1695575277652,35,http://api.demo.hidayahsmart.solutions/docs,200,OK,Thread Group 1-21,text,true,,982,385,11,11,http://api.demo.hidayahsmart.solutions/docs,35,0,0
1695575277652,35,Test,200,"Number of samples in transaction : 1, number of failing samples : 0",Thread Group 1-21,,true,,982,385,11,11,null,35,0,0
1695575277650,42,http://api.demo.hidayahsmart.solutions/docs,200,OK,Thread Group 1-26,text,true,,982,385,11,11,http://api.demo.hidayahsmart.solutions/docs,42,0,5
1695575277650,42,Test,200,"Number of samples in transaction : 1, number of failing samples : 0",Thread Group 1-26,,true,,982,385,11,11,null,42,0,5
1695575277659,37,http://api.demo.hidayahsmart.solutions/docs,200,OK,Thread Group 1-22,text,true,,982,385,11,11,http://api.demo.hidayahsmart.solutions/docs,37,0,0
1695575277658,37,Test,200,"Number of samples in transaction : 1, number of failing samples : 0",Thread Group 1-22,,true,,982,385,11,11,null,37,1,0
1695575277665,32,http://api.demo.hidayahsmart.solutions/docs,200,OK,Thread Group 1-23,text,true,,982,385,10,10,http://api.demo.hidayahsmart.solutions/docs,31,0,0
1695575277665,32,Test,200,"Number of samples in transaction : 1, number of failing samples : 0",Thread Group 1-23,,true,,982,385,10,10,null,31,0,0
1695575277661,38,http://api.demo.hidayahsmart.solutions/docs,200,OK,Thread Group 1-27,text,true,,982,385,9,9,http://api.demo.hidayahsmart.solutions/docs,38,0,4
1695575277660,38,Test,200,"Number of samples in transaction : 1, number of failing samples : 0",Thread Group 1-27,,true,,982,385,9,9,null,38,1,4
1695575277668,35,http://api.demo.hidayahsmart.solutions/docs,200,OK,Thread Group 1-24,text,true,,982,385,10,10,http://api.demo.hidayahsmart.solutions/docs,35,0,0
1695575277668,35,Test,200,"Number of samples in transaction : 1, number of failing samples : 0",Thread Group 1-24,,true,,982,385,10,10,null,35,0,0
1695575277670,34,http://api.demo.hidayahsmart.solutions/docs,200,OK,Thread Group 1-28,text,true,,982,385,9,9,http://api.demo.hidayahsmart.solutions/docs,34,0,4
1695575277669,34,Test,200,"Number of samples in transaction : 1, number of failing samples : 0",Thread Group 1-28,,true,,982,385,9,9,null,34,1,4
1695575277685,23,http://api.demo.hidayahsmart.solutions/docs,200,OK,Thread Group 1-25,text,true,,982,385,9,9,http://api.demo.hidayahsmart.solutions/docs,23,0,0
1695575277685,23,Test,200,"Number of samples in transaction : 1, number of failing samples : 0",Thread Group 1-25,,true,,982,385,9,9,null,23,0,0
1695575277680,31,http://api.demo.hidayahsmart.solutions/docs,200,OK,Thread Group 1-29,text,true,,982,385,9,9,http://api.demo.hidayahsmart.solutions/docs,31,0,6
1695575277680,31,Test,200,"Number of samples in transaction : 1, number of failing samples : 0",Thread Group 1-29,,true,,982,385,9,9,null,31,0,6
1695575277692,20,http://api.demo.hidayahsmart.solutions/docs,200,OK,Thread Group 1-26,text,true,,982,385,9,9,http://api.demo.hidayahsmart.solutions/docs,20,0,0
1695575277692,20,Test,200,"Number of samples in transaction : 1, number of failing samples : 0",Thread Group 1-26,,true,,982,385,9,9,null,20,0,0
1695575277689,27,http://api.demo.hidayahsmart.solutions/docs,200,OK,Thread Group 1-30,text,true,,982,385,8,8,http://api.demo.hidayahsmart.solutions/docs,27,0,5
1695575277689,27,Test,200,"Number of samples in transaction : 1, number of failing samples : 0",Thread Group 1-30,,true,,982,385,8,8,null,27,0,5
1695575277700,17,http://api.demo.hidayahsmart.solutions/docs,200,OK,Thread Group 1-27,text,true,,982,385,8,8,http://api.demo.hidayahsmart.solutions/docs,17,0,0
1695575277700,17,Test,200,"Number of samples in transaction : 1, number of failing samples : 0",Thread Group 1-27,,true,,982,385,8,8,null,17,2,0
1695575277700,19,http://api.demo.hidayahsmart.solutions/docs,200,OK,Thread Group 1-31,text,true,,982,385,8,8,http://api.demo.hidayahsmart.solutions/docs,19,0,5
1695575277700,19,Test,200,"Number of samples in transaction : 1, number of failing samples : 0",Thread Group 1-31,,true,,982,385,8,8,null,19,0,5
1695575277705,19,http://api.demo.hidayahsmart.solutions/docs,200,OK,Thread Group 1-28,text,true,,982,385,8,8,http://api.demo.hidayahsmart.solutions/docs,19,0,0
1695575277704,19,Test,200,"Number of samples in transaction : 1, number of failing samples : 0",Thread Group 1-28,,true,,982,385,8,8,null,19,2,0
1695575277711,14,http://api.demo.hidayahsmart.solutions/docs,200,OK,Thread Group 1-29,text,true,,982,385,7,7,http://api.demo.hidayahsmart.solutions/docs,14,0,0
1695575277711,14,Test,200,"Number of samples in transaction : 1, number of failing samples : 0",Thread Group 1-29,,true,,982,385,7,7,null,14,0,0
1695575277711,17,http://api.demo.hidayahsmart.solutions/docs,200,OK,Thread Group 1-32,text,true,,982,385,6,6,http://api.demo.hidayahsmart.solutions/docs,17,0,4
1695575277710,17,Test,200,"Number of samples in transaction : 1, number of failing samples : 0",Thread Group 1-32,,true,,982,385,6,6,null,17,1,4
1695575277716,15,http://api.demo.hidayahsmart.solutions/docs,200,OK,Thread Group 1-30,text,true,,982,385,7,7,http://api.demo.hidayahsmart.solutions/docs,15,0,0
1695575277716,15,Test,200,"Number of samples in transaction : 1, number of failing samples : 0",Thread Group 1-30,,true,,982,385,7,7,null,15,0,0
1695575277720,15,http://api.demo.hidayahsmart.solutions/docs,200,OK,Thread Group 1-31,text,true,,982,385,6,6,http://api.demo.hidayahsmart.solutions/docs,15,0,0
1695575277720,15,Test,200,"Number of samples in transaction : 1, number of failing samples : 0",Thread Group 1-31,,true,,982,385,6,6,null,15,0,0
1695575277720,16,http://api.demo.hidayahsmart.solutions/docs,200,OK,Thread Group 1-33,text,true,,982,385,5,5,http://api.demo.hidayahsmart.solutions/docs,16,0,4
1695575277719,16,Test,200,"Number of samples in transaction : 1, number of failing samples : 0",Thread Group 1-33,,true,,982,385,5,5,null,16,2,4
1695575277728,11,http://api.demo.hidayahsmart.solutions/docs,200,OK,Thread Group 1-32,text,true,,982,385,6,6,http://api.demo.hidayahsmart.solutions/docs,11,0,0
1695575277728,11,Test,200,"Number of samples in transaction : 1, number of failing samples : 0",Thread Group 1-32,,true,,982,385,6,6,null,11,1,0
1695575277731,17,http://api.demo.hidayahsmart.solutions/docs,200,OK,Thread Group 1-34,text,true,,982,385,5,5,http://api.demo.hidayahsmart.solutions/docs,17,0,5
1695575277730,17,Test,200,"Number of samples in transaction : 1, number of failing samples : 0",Thread Group 1-34,,true,,982,385,5,5,null,17,2,5
1695575277737,12,http://api.demo.hidayahsmart.solutions/docs,200,OK,Thread Group 1-33,text,true,,982,385,5,5,http://api.demo.hidayahsmart.solutions/docs,12,0,0
1695575277737,12,Test,200,"Number of samples in transaction : 1, number of failing samples : 0",Thread Group 1-33,,true,,982,385,5,5,null,12,0,0
1695575277741,20,http://api.demo.hidayahsmart.solutions/docs,200,OK,Thread Group 1-35,text,true,,982,385,6,6,http://api.demo.hidayahsmart.solutions/docs,20,0,6
1695575277749,12,http://api.demo.hidayahsmart.solutions/docs,200,OK,Thread Group 1-34,text,true,,982,385,6,6,http://api.demo.hidayahsmart.solutions/docs,12,0,0
1695575277739,20,Test,200,"Number of samples in transaction : 1, number of failing samples : 0",Thread Group 1-35,,true,,982,385,6,6,null,20,3,6
1695575277749,12,Test,200,"Number of samples in transaction : 1, number of failing samples : 0",Thread Group 1-34,,true,,982,385,6,6,null,12,1,0
1695575277751,16,http://api.demo.hidayahsmart.solutions/docs,200,OK,Thread Group 1-36,text,true,,982,385,5,5,http://api.demo.hidayahsmart.solutions/docs,16,0,5
1695575277750,16,Test,200,"Number of samples in transaction : 1, number of failing samples : 0",Thread Group 1-36,,true,,982,385,5,5,null,16,1,5
1695575277762,6,http://api.demo.hidayahsmart.solutions/docs,200,OK,Thread Group 1-35,text,true,,982,385,5,5,http://api.demo.hidayahsmart.solutions/docs,6,0,0
1695575277762,6,Test,200,"Number of samples in transaction : 1, number of failing samples : 0",Thread Group 1-35,,true,,982,385,5,5,null,6,0,0
1695575277760,10,http://api.demo.hidayahsmart.solutions/docs,200,OK,Thread Group 1-37,text,true,,982,385,5,5,http://api.demo.hidayahsmart.solutions/docs,10,0,4
1695575277759,10,Test,200,"Number of samples in transaction : 1, number of failing samples : 0",Thread Group 1-37,,true,,982,385,5,5,null,10,2,4
1695575277767,7,http://api.demo.hidayahsmart.solutions/docs,200,OK,Thread Group 1-36,text,true,,982,385,5,5,http://api.demo.hidayahsmart.solutions/docs,7,0,0
1695575277767,7,Test,200,"Number of samples in transaction : 1, number of failing samples : 0",Thread Group 1-36,,true,,982,385,5,5,null,7,0,0
1695575277771,5,http://api.demo.hidayahsmart.solutions/docs,200,OK,Thread Group 1-37,text,true,,982,385,4,4,http://api.demo.hidayahsmart.solutions/docs,5,0,0
1695575277771,5,Test,200,"Number of samples in transaction : 1, number of failing samples : 0",Thread Group 1-37,,true,,982,385,4,4,null,5,0,0
1695575277770,11,http://api.demo.hidayahsmart.solutions/docs,200,OK,Thread Group 1-38,text,true,,982,385,4,4,http://api.demo.hidayahsmart.solutions/docs,11,0,5
1695575277770,11,Test,200,"Number of samples in transaction : 1, number of failing samples : 0",Thread Group 1-38,,true,,982,385,4,4,null,11,0,5
1695575277781,8,http://api.demo.hidayahsmart.solutions/docs,200,OK,Thread Group 1-38,text,true,,982,385,4,4,http://api.demo.hidayahsmart.solutions/docs,8,0,0
1695575277781,8,Test,200,"Number of samples in transaction : 1, number of failing samples : 0",Thread Group 1-38,,true,,982,385,4,4,null,8,0,0
1695575277780,10,http://api.demo.hidayahsmart.solutions/docs,200,OK,Thread Group 1-39,text,true,,982,385,4,4,http://api.demo.hidayahsmart.solutions/docs,10,0,4
1695575277780,10,Test,200,"Number of samples in transaction : 1, number of failing samples : 0",Thread Group 1-39,,true,,982,385,4,4,null,10,0,4
1695575277790,7,http://api.demo.hidayahsmart.solutions/docs,200,OK,Thread Group 1-39,text,true,,982,385,4,4,http://api.demo.hidayahsmart.solutions/docs,7,0,0
1695575277790,7,Test,200,"Number of samples in transaction : 1, number of failing samples : 0",Thread Group 1-39,,true,,982,385,4,4,null,7,0,0
1695575277790,11,http://api.demo.hidayahsmart.solutions/docs,200,OK,Thread Group 1-40,text,true,,982,385,3,3,http://api.demo.hidayahsmart.solutions/docs,11,0,5
1695575277789,11,Test,200,"Number of samples in transaction : 1, number of failing samples : 0",Thread Group 1-40,,true,,982,385,3,3,null,11,1,5
1695575277802,6,http://api.demo.hidayahsmart.solutions/docs,200,OK,Thread Group 1-40,text,true,,982,385,4,4,http://api.demo.hidayahsmart.solutions/docs,6,0,0
1695575277801,6,Test,200,"Number of samples in transaction : 1, number of failing samples : 0",Thread Group 1-40,,true,,982,385,4,4,null,6,2,0
1695575277802,10,http://api.demo.hidayahsmart.solutions/docs,200,OK,Thread Group 1-41,text,true,,982,385,4,4,http://api.demo.hidayahsmart.solutions/docs,10,0,5
1695575277801,10,Test,200,"Number of samples in transaction : 1, number of failing samples : 0",Thread Group 1-41,,true,,982,385,4,4,null,10,2,5
1695575277813,6,http://api.demo.hidayahsmart.solutions/docs,200,OK,Thread Group 1-41,text,true,,982,385,4,4,http://api.demo.hidayahsmart.solutions/docs,6,0,0
1695575277813,6,Test,200,"Number of samples in transaction : 1, number of failing samples : 0",Thread Group 1-41,,true,,982,385,4,4,null,6,0,0
1695575277812,11,http://api.demo.hidayahsmart.solutions/docs,200,OK,Thread Group 1-42,text,true,,982,385,4,4,http://api.demo.hidayahsmart.solutions/docs,11,0,4
1695575277811,11,Test,200,"Number of samples in transaction : 1, number of failing samples : 0",Thread Group 1-42,,true,,982,385,4,4,null,11,1,4
1695575277823,6,http://api.demo.hidayahsmart.solutions/docs,200,OK,Thread Group 1-42,text,true,,982,385,4,4,http://api.demo.hidayahsmart.solutions/docs,6,0,0
1695575277823,6,Test,200,"Number of samples in transaction : 1, number of failing samples : 0",Thread Group 1-42,,true,,982,385,4,4,null,6,0,0
1695575277821,11,http://api.demo.hidayahsmart.solutions/docs,200,OK,Thread Group 1-43,text,true,,982,385,4,4,http://api.demo.hidayahsmart.solutions/docs,11,0,5
1695575277821,11,Test,200,"Number of samples in transaction : 1, number of failing samples : 0",Thread Group 1-43,,true,,982,385,4,4,null,11,0,5
1695575277833,5,http://api.demo.hidayahsmart.solutions/docs,200,OK,Thread Group 1-43,text,true,,982,385,4,4,http://api.demo.hidayahsmart.solutions/docs,5,0,0
1695575277832,5,Test,200,"Number of samples in transaction : 1, number of failing samples : 0",Thread Group 1-43,,true,,982,385,4,4,null,5,2,0
1695575277831,11,http://api.demo.hidayahsmart.solutions/docs,200,OK,Thread Group 1-44,text,true,,982,385,4,4,http://api.demo.hidayahsmart.solutions/docs,11,0,5
1695575277831,11,Test,200,"Number of samples in transaction : 1, number of failing samples : 0",Thread Group 1-44,,true,,982,385,4,4,null,11,1,5
1695575277843,6,http://api.demo.hidayahsmart.solutions/docs,200,OK,Thread Group 1-44,text,true,,982,385,4,4,http://api.demo.hidayahsmart.solutions/docs,6,0,0
1695575277843,6,Test,200,"Number of samples in transaction : 1, number of failing samples : 0",Thread Group 1-44,,true,,982,385,4,4,null,6,0,0
1695575277842,12,http://api.demo.hidayahsmart.solutions/docs,200,OK,Thread Group 1-45,text,true,,982,385,4,4,http://api.demo.hidayahsmart.solutions/docs,12,0,4
1695575277841,12,Test,200,"Number of samples in transaction : 1, number of failing samples : 0",Thread Group 1-45,,true,,982,385,4,4,null,12,1,4
1695575277854,7,http://api.demo.hidayahsmart.solutions/docs,200,OK,Thread Group 1-45,text,true,,982,385,5,5,http://api.demo.hidayahsmart.solutions/docs,7,0,0
1695575277854,7,Test,200,"Number of samples in transaction : 1, number of failing samples : 0",Thread Group 1-45,,true,,982,385,5,5,null,7,0,0
1695575277850,12,http://api.demo.hidayahsmart.solutions/docs,200,OK,Thread Group 1-46,text,true,,982,385,4,4,http://api.demo.hidayahsmart.solutions/docs,12,0,5
1695575277850,12,Test,200,"Number of samples in transaction : 1, number of failing samples : 0",Thread Group 1-46,,true,,982,385,4,4,null,12,0,5
1695575277862,6,http://api.demo.hidayahsmart.solutions/docs,200,OK,Thread Group 1-46,text,true,,982,385,4,4,http://api.demo.hidayahsmart.solutions/docs,6,0,0
1695575277862,6,Test,200,"Number of samples in transaction : 1, number of failing samples : 0",Thread Group 1-46,,true,,982,385,4,4,null,6,0,0
1695575277862,9,http://api.demo.hidayahsmart.solutions/docs,200,OK,Thread Group 1-47,text,true,,982,385,4,4,http://api.demo.hidayahsmart.solutions/docs,9,0,4
1695575277861,9,Test,200,"Number of samples in transaction : 1, number of failing samples : 0",Thread Group 1-47,,true,,982,385,4,4,null,9,2,4
1695575277872,6,http://api.demo.hidayahsmart.solutions/docs,200,OK,Thread Group 1-47,text,true,,982,385,4,4,http://api.demo.hidayahsmart.solutions/docs,6,0,0
1695575277872,6,Test,200,"Number of samples in transaction : 1, number of failing samples : 0",Thread Group 1-47,,true,,982,385,4,4,null,6,0,0
1695575277871,12,http://api.demo.hidayahsmart.solutions/docs,200,OK,Thread Group 1-48,text,true,,982,385,4,4,http://api.demo.hidayahsmart.solutions/docs,12,0,6
1695575277871,12,Test,200,"Number of samples in transaction : 1, number of failing samples : 0",Thread Group 1-48,,true,,982,385,4,4,null,12,0,6
1695575277884,6,http://api.demo.hidayahsmart.solutions/docs,200,OK,Thread Group 1-48,text,true,,982,385,5,5,http://api.demo.hidayahsmart.solutions/docs,6,0,0
1695575277883,6,Test,200,"Number of samples in transaction : 1, number of failing samples : 0",Thread Group 1-48,,true,,982,385,5,5,null,6,1,0
1695575277881,11,http://api.demo.hidayahsmart.solutions/docs,200,OK,Thread Group 1-49,text,true,,982,385,4,4,http://api.demo.hidayahsmart.solutions/docs,11,0,5
1695575277880,11,Test,200,"Number of samples in transaction : 1, number of failing samples : 0",Thread Group 1-49,,true,,982,385,4,4,null,11,1,5
1695575277892,6,http://api.demo.hidayahsmart.solutions/docs,200,OK,Thread Group 1-49,text,true,,982,385,4,4,http://api.demo.hidayahsmart.solutions/docs,6,0,0
1695575277892,6,Test,200,"Number of samples in transaction : 1, number of failing samples : 0",Thread Group 1-49,,true,,982,385,4,4,null,6,0,0
1695575277891,10,http://api.demo.hidayahsmart.solutions/docs,200,OK,Thread Group 1-50,text,true,,982,385,4,4,http://api.demo.hidayahsmart.solutions/docs,10,0,5
1695575277890,10,Test,200,"Number of samples in transaction : 1, number of failing samples : 0",Thread Group 1-50,,true,,982,385,4,4,null,10,1,5
1695575277902,5,http://api.demo.hidayahsmart.solutions/docs,200,OK,Thread Group 1-50,text,true,,982,385,4,4,http://api.demo.hidayahsmart.solutions/docs,5,0,0
1695575277901,5,Test,200,"Number of samples in transaction : 1, number of failing samples : 0",Thread Group 1-50,,true,,982,385,4,4,null,5,2,0
1695575277900,10,http://api.demo.hidayahsmart.solutions/docs,200,OK,Thread Group 1-51,text,true,,982,385,4,4,http://api.demo.hidayahsmart.solutions/docs,10,0,4
1695575277899,10,Test,200,"Number of samples in transaction : 1, number of failing samples : 0",Thread Group 1-51,,true,,982,385,4,4,null,10,1,4
1695575277911,6,http://api.demo.hidayahsmart.solutions/docs,200,OK,Thread Group 1-51,text,true,,982,385,4,4,http://api.demo.hidayahsmart.solutions/docs,6,0,0
1695575277910,6,Test,200,"Number of samples in transaction : 1, number of failing samples : 0",Thread Group 1-51,,true,,982,385,4,4,null,6,1,0
1695575277921,11,http://api.demo.hidayahsmart.solutions/docs,200,OK,Thread Group 1-53,text,true,,982,385,5,5,http://api.demo.hidayahsmart.solutions/docs,11,0,4
1695575277920,11,Test,200,"Number of samples in transaction : 1, number of failing samples : 0",Thread Group 1-53,,true,,982,385,5,5,null,11,1,4
1695575277932,6,http://api.demo.hidayahsmart.solutions/docs,200,OK,Thread Group 1-53,text,true,,982,385,5,5,http://api.demo.hidayahsmart.solutions/docs,6,0,0
1695575277932,6,Test,200,"Number of samples in transaction : 1, number of failing samples : 0",Thread Group 1-53,,true,,982,385,5,5,null,6,0,0
1695575277929,11,http://api.demo.hidayahsmart.solutions/docs,200,OK,Thread Group 1-54,text,true,,982,385,5,5,http://api.demo.hidayahsmart.solutions/docs,11,0,5
1695575277929,11,Test,200,"Number of samples in transaction : 1, number of failing samples : 0",Thread Group 1-54,,true,,982,385,5,5,null,11,0,5
1695575277941,7,http://api.demo.hidayahsmart.solutions/docs,200,OK,Thread Group 1-54,text,true,,982,385,5,5,http://api.demo.hidayahsmart.solutions/docs,7,0,0
1695575277941,7,Test,200,"Number of samples in transaction : 1, number of failing samples : 0",Thread Group 1-54,,true,,982,385,5,5,null,7,0,0
1695575277941,11,http://api.demo.hidayahsmart.solutions/docs,200,OK,Thread Group 1-55,text,true,,982,385,5,5,http://api.demo.hidayahsmart.solutions/docs,11,0,5
1695575277940,11,Test,200,"Number of samples in transaction : 1, number of failing samples : 0",Thread Group 1-55,,true,,982,385,5,5,null,11,1,5
1695575277952,7,http://api.demo.hidayahsmart.solutions/docs,200,OK,Thread Group 1-55,text,true,,982,385,5,5,http://api.demo.hidayahsmart.solutions/docs,7,0,0
1695575277952,7,Test,200,"Number of samples in transaction : 1, number of failing samples : 0",Thread Group 1-55,,true,,982,385,5,5,null,7,0,0
1695575277950,12,http://api.demo.hidayahsmart.solutions/docs,200,OK,Thread Group 1-56,text,true,,982,385,5,5,http://api.demo.hidayahsmart.solutions/docs,12,0,6
1695575277950,12,Test,200,"Number of samples in transaction : 1, number of failing samples : 0",Thread Group 1-56,,true,,982,385,5,5,null,12,0,6
1695575277962,6,http://api.demo.hidayahsmart.solutions/docs,200,OK,Thread Group 1-56,text,true,,982,385,5,5,http://api.demo.hidayahsmart.solutions/docs,6,0,0
1695575277962,6,Test,200,"Number of samples in transaction : 1, number of failing samples : 0",Thread Group 1-56,,true,,982,385,5,5,null,6,0,0
1695575277961,10,http://api.demo.hidayahsmart.solutions/docs,200,OK,Thread Group 1-57,text,true,,982,385,5,5,http://api.demo.hidayahsmart.solutions/docs,10,0,5
1695575277960,10,Test,200,"Number of samples in transaction : 1, number of failing samples : 0",Thread Group 1-57,,true,,982,385,5,5,null,10,1,5
1695575277971,9,http://api.demo.hidayahsmart.solutions/docs,200,OK,Thread Group 1-57,text,true,,982,385,6,6,http://api.demo.hidayahsmart.solutions/docs,9,0,0
1695575277971,9,Test,200,"Number of samples in transaction : 1, number of failing samples : 0",Thread Group 1-57,,true,,982,385,6,6,null,9,0,0
1695575277971,13,http://api.demo.hidayahsmart.solutions/docs,200,OK,Thread Group 1-58,text,true,,982,385,5,5,http://api.demo.hidayahsmart.solutions/docs,13,0,7
1695575277970,13,Test,200,"Number of samples in transaction : 1, number of failing samples : 0",Thread Group 1-58,,true,,982,385,5,5,null,13,1,7
1695575277984,5,http://api.demo.hidayahsmart.solutions/docs,200,OK,Thread Group 1-58,text,true,,982,385,6,6,http://api.demo.hidayahsmart.solutions/docs,5,0,0
1695575277984,5,Test,200,"Number of samples in transaction : 1, number of failing samples : 0",Thread Group 1-58,,true,,982,385,6,6,null,5,1,0
1695575277981,10,http://api.demo.hidayahsmart.solutions/docs,200,OK,Thread Group 1-59,text,true,,982,385,5,5,http://api.demo.hidayahsmart.solutions/docs,10,0,3
1695575277980,10,Test,200,"Number of samples in transaction : 1, number of failing samples : 0",Thread Group 1-59,,true,,982,385,5,5,null,10,1,3
1695575277991,6,http://api.demo.hidayahsmart.solutions/docs,200,OK,Thread Group 1-59,text,true,,982,385,5,5,http://api.demo.hidayahsmart.solutions/docs,6,0,0
1695575277991,6,Test,200,"Number of samples in transaction : 1, number of failing samples : 0",Thread Group 1-59,,true,,982,385,5,5,null,6,0,0
1695575277989,11,http://api.demo.hidayahsmart.solutions/docs,200,OK,Thread Group 1-60,text,true,,982,385,5,5,http://api.demo.hidayahsmart.solutions/docs,11,0,5
1695575277989,11,Test,200,"Number of samples in transaction : 1, number of failing samples : 0",Thread Group 1-60,,true,,982,385,5,5,null,11,0,5
1695575278000,6,http://api.demo.hidayahsmart.solutions/docs,200,OK,Thread Group 1-60,text,true,,982,385,5,5,http://api.demo.hidayahsmart.solutions/docs,6,0,0
1695575278000,6,Test,200,"Number of samples in transaction : 1, number of failing samples : 0",Thread Group 1-60,,true,,982,385,5,5,null,6,0,0
1695575278000,11,http://api.demo.hidayahsmart.solutions/docs,200,OK,Thread Group 1-61,text,true,,982,385,5,5,http://api.demo.hidayahsmart.solutions/docs,11,0,5
1695575277999,11,Test,200,"Number of samples in transaction : 1, number of failing samples : 0",Thread Group 1-61,,true,,982,385,5,5,null,11,1,5
1695575278011,13,http://api.demo.hidayahsmart.solutions/docs,200,OK,Thread Group 1-61,text,true,,982,385,6,6,http://api.demo.hidayahsmart.solutions/docs,13,0,0
1695575278011,13,Test,200,"Number of samples in transaction : 1, number of failing samples : 0",Thread Group 1-61,,true,,982,385,6,6,null,13,0,0
1695575278011,16,http://api.demo.hidayahsmart.solutions/docs,200,OK,Thread Group 1-62,text,true,,982,385,5,5,http://api.demo.hidayahsmart.solutions/docs,16,0,4
1695575278010,16,Test,200,"Number of samples in transaction : 1, number of failing samples : 0",Thread Group 1-62,,true,,982,385,5,5,null,16,2,4
1695575278020,16,http://api.demo.hidayahsmart.solutions/docs,200,OK,Thread Group 1-63,text,true,,982,385,6,6,http://api.demo.hidayahsmart.solutions/docs,16,0,4
1695575278019,16,Test,200,"Number of samples in transaction : 1, number of failing samples : 0",Thread Group 1-63,,true,,982,385,6,6,null,16,1,4
1695575278028,9,http://api.demo.hidayahsmart.solutions/docs,200,OK,Thread Group 1-62,text,true,,982,385,6,6,http://api.demo.hidayahsmart.solutions/docs,9,0,0
1695575278028,9,Test,200,"Number of samples in transaction : 1, number of failing samples : 0",Thread Group 1-62,,true,,982,385,6,6,null,9,0,0
1695575278030,17,http://api.demo.hidayahsmart.solutions/docs,200,OK,Thread Group 1-64,text,true,,982,385,6,6,http://api.demo.hidayahsmart.solutions/docs,17,0,5
1695575278030,17,Test,200,"Number of samples in transaction : 1, number of failing samples : 0",Thread Group 1-64,,true,,982,385,6,6,null,17,1,5
1695575278036,12,http://api.demo.hidayahsmart.solutions/docs,200,OK,Thread Group 1-63,text,true,,982,385,6,6,http://api.demo.hidayahsmart.solutions/docs,12,0,0
1695575278036,12,Test,200,"Number of samples in transaction : 1, number of failing samples : 0",Thread Group 1-63,,true,,982,385,6,6,null,12,0,0
1695575278040,16,http://api.demo.hidayahsmart.solutions/docs,200,OK,Thread Group 1-65,text,true,,982,385,6,6,http://api.demo.hidayahsmart.solutions/docs,16,0,5
1695575278040,16,Test,200,"Number of samples in transaction : 1, number of failing samples : 0",Thread Group 1-65,,true,,982,385,6,6,null,16,1,5
1695575278048,11,http://api.demo.hidayahsmart.solutions/docs,200,OK,Thread Group 1-64,text,true,,982,385,6,6,http://api.demo.hidayahsmart.solutions/docs,11,0,0
1695575278048,11,Test,200,"Number of samples in transaction : 1, number of failing samples : 0",Thread Group 1-64,,true,,982,385,6,6,null,11,0,0
1695575278050,14,http://api.demo.hidayahsmart.solutions/docs,200,OK,Thread Group 1-66,text,true,,982,385,6,6,http://api.demo.hidayahsmart.solutions/docs,14,0,5
1695575278050,14,Test,200,"Number of samples in transaction : 1, number of failing samples : 0",Thread Group 1-66,,true,,982,385,6,6,null,14,0,5
1695575278057,11,http://api.demo.hidayahsmart.solutions/docs,200,OK,Thread Group 1-65,text,true,,982,385,6,6,http://api.demo.hidayahsmart.solutions/docs,11,0,0
1695575278057,11,Test,200,"Number of samples in transaction : 1, number of failing samples : 0",Thread Group 1-65,,true,,982,385,6,6,null,11,0,0
1695575278064,12,http://api.demo.hidayahsmart.solutions/docs,200,OK,Thread Group 1-66,text,true,,982,385,6,6,http://api.demo.hidayahsmart.solutions/docs,12,0,0
1695575278064,12,Test,200,"Number of samples in transaction : 1, number of failing samples : 0",Thread Group 1-66,,true,,982,385,6,6,null,12,0,0
1695575278060,17,http://api.demo.hidayahsmart.solutions/docs,200,OK,Thread Group 1-67,text,true,,982,385,5,5,http://api.demo.hidayahsmart.solutions/docs,17,0,6
1695575278060,17,Test,200,"Number of samples in transaction : 1, number of failing samples : 0",Thread Group 1-67,,true,,982,385,5,5,null,17,0,6
1695575278071,17,http://api.demo.hidayahsmart.solutions/docs,200,OK,Thread Group 1-68,text,true,,982,385,6,6,http://api.demo.hidayahsmart.solutions/docs,17,0,4
1695575278070,17,Test,200,"Number of samples in transaction : 1, number of failing samples : 0",Thread Group 1-68,,true,,982,385,6,6,null,17,1,4
1695575278077,11,http://api.demo.hidayahsmart.solutions/docs,200,OK,Thread Group 1-67,text,true,,982,385,6,6,http://api.demo.hidayahsmart.solutions/docs,11,0,0
1695575278077,11,Test,200,"Number of samples in transaction : 1, number of failing samples : 0",Thread Group 1-67,,true,,982,385,6,6,null,11,0,0
1695575278079,17,http://api.demo.hidayahsmart.solutions/docs,200,OK,Thread Group 1-69,text,true,,982,385,6,6,http://api.demo.hidayahsmart.solutions/docs,16,0,5
1695575278079,17,Test,200,"Number of samples in transaction : 1, number of failing samples : 0",Thread Group 1-69,,true,,982,385,6,6,null,16,0,5
1695575278088,8,http://api.demo.hidayahsmart.solutions/docs,200,OK,Thread Group 1-68,text,true,,982,385,6,6,http://api.demo.hidayahsmart.solutions/docs,8,0,0
1695575278088,8,Test,200,"Number of samples in transaction : 1, number of failing samples : 0",Thread Group 1-68,,true,,982,385,6,6,null,8,0,0
1695575278090,14,http://api.demo.hidayahsmart.solutions/docs,200,OK,Thread Group 1-70,text,true,,982,385,6,6,http://api.demo.hidayahsmart.solutions/docs,14,0,5
1695575278090,14,Test,200,"Number of samples in transaction : 1, number of failing samples : 0",Thread Group 1-70,,true,,982,385,6,6,null,14,0,5
1695575278096,11,http://api.demo.hidayahsmart.solutions/docs,200,OK,Thread Group 1-69,text,true,,982,385,6,6,http://api.demo.hidayahsmart.solutions/docs,11,0,0
1695575278096,11,Test,200,"Number of samples in transaction : 1, number of failing samples : 0",Thread Group 1-69,,true,,982,385,6,6,null,11,1,0
1695575278105,10,http://api.demo.hidayahsmart.solutions/docs,200,OK,Thread Group 1-70,text,true,,982,385,6,6,http://api.demo.hidayahsmart.solutions/docs,10,0,0
1695575278104,10,Test,200,"Number of samples in transaction : 1, number of failing samples : 0",Thread Group 1-70,,true,,982,385,6,6,null,10,1,0
1695575278101,15,http://api.demo.hidayahsmart.solutions/docs,200,OK,Thread Group 1-71,text,true,,982,385,5,5,http://api.demo.hidayahsmart.solutions/docs,15,0,6
1695575278101,15,Test,200,"Number of samples in transaction : 1, number of failing samples : 0",Thread Group 1-71,,true,,982,385,5,5,null,15,0,6
1695575278110,14,http://api.demo.hidayahsmart.solutions/docs,200,OK,Thread Group 1-72,text,true,,982,385,6,6,http://api.demo.hidayahsmart.solutions/docs,14,0,5
1695575278110,14,Test,200,"Number of samples in transaction : 1, number of failing samples : 0",Thread Group 1-72,,true,,982,385,6,6,null,14,0,5
1695575278117,10,http://api.demo.hidayahsmart.solutions/docs,200,OK,Thread Group 1-71,text,true,,982,385,6,6,http://api.demo.hidayahsmart.solutions/docs,10,0,0
1695575278117,10,Test,200,"Number of samples in transaction : 1, number of failing samples : 0",Thread Group 1-71,,true,,982,385,6,6,null,10,1,0
1695575278119,16,http://api.demo.hidayahsmart.solutions/docs,200,OK,Thread Group 1-73,text,true,,982,385,6,6,http://api.demo.hidayahsmart.solutions/docs,16,0,5
1695575278119,16,Test,200,"Number of samples in transaction : 1, number of failing samples : 0",Thread Group 1-73,,true,,982,385,6,6,null,16,0,5
1695575278124,11,http://api.demo.hidayahsmart.solutions/docs,200,OK,Thread Group 1-72,text,true,,982,385,6,6,http://api.demo.hidayahsmart.solutions/docs,11,0,0
1695575278124,11,Test,200,"Number of samples in transaction : 1, number of failing samples : 0",Thread Group 1-72,,true,,982,385,6,6,null,11,1,0
1695575278129,15,http://api.demo.hidayahsmart.solutions/docs,200,OK,Thread Group 1-74,text,true,,982,385,6,6,http://api.demo.hidayahsmart.solutions/docs,15,0,6
1695575278129,15,Test,200,"Number of samples in transaction : 1, number of failing samples : 0",Thread Group 1-74,,true,,982,385,6,6,null,15,0,6
1695575278136,12,http://api.demo.hidayahsmart.solutions/docs,200,OK,Thread Group 1-73,text,true,,982,385,6,6,http://api.demo.hidayahsmart.solutions/docs,12,0,0
1695575278135,12,Test,200,"Number of samples in transaction : 1, number of failing samples : 0",Thread Group 1-73,,true,,982,385,6,6,null,12,1,0
1695575278144,12,http://api.demo.hidayahsmart.solutions/docs,200,OK,Thread Group 1-74,text,true,,982,385,6,6,http://api.demo.hidayahsmart.solutions/docs,12,0,0
1695575278144,12,Test,200,"Number of samples in transaction : 1, number of failing samples : 0",Thread Group 1-74,,true,,982,385,6,6,null,12,0,0
1695575278149,15,http://api.demo.hidayahsmart.solutions/docs,200,OK,Thread Group 1-76,text,true,,982,385,6,6,http://api.demo.hidayahsmart.solutions/docs,15,0,5
1695575278149,15,Test,200,"Number of samples in transaction : 1, number of failing samples : 0",Thread Group 1-76,,true,,982,385,6,6,null,15,0,5
1695575278164,11,http://api.demo.hidayahsmart.solutions/docs,200,OK,Thread Group 1-76,text,true,,982,385,7,7,http://api.demo.hidayahsmart.solutions/docs,11,0,0
1695575278164,11,Test,200,"Number of samples in transaction : 1, number of failing samples : 0",Thread Group 1-76,,true,,982,385,7,7,null,11,0,0
1695575278161,15,http://api.demo.hidayahsmart.solutions/docs,200,OK,Thread Group 1-77,text,true,,982,385,6,6,http://api.demo.hidayahsmart.solutions/docs,15,0,5
1695575278160,15,Test,200,"Number of samples in transaction : 1, number of failing samples : 0",Thread Group 1-77,,true,,982,385,6,6,null,15,1,5
1695575278171,9,http://api.demo.hidayahsmart.solutions/docs,200,OK,Thread Group 1-78,text,true,,982,385,7,7,http://api.demo.hidayahsmart.solutions/docs,9,0,4
1695575278170,9,Test,200,"Number of samples in transaction : 1, number of failing samples : 0",Thread Group 1-78,,true,,982,385,7,7,null,9,2,4
1695575278176,8,http://api.demo.hidayahsmart.solutions/docs,200,OK,Thread Group 1-77,text,true,,982,385,7,7,http://api.demo.hidayahsmart.solutions/docs,8,0,0
1695575278176,8,Test,200,"Number of samples in transaction : 1, number of failing samples : 0",Thread Group 1-77,,true,,982,385,7,7,null,8,0,0
1695575278181,6,http://api.demo.hidayahsmart.solutions/docs,200,OK,Thread Group 1-78,text,true,,982,385,6,6,http://api.demo.hidayahsmart.solutions/docs,6,0,0
1695575278181,6,Test,200,"Number of samples in transaction : 1, number of failing samples : 0",Thread Group 1-78,,true,,982,385,6,6,null,6,0,0
1695575278180,11,http://api.demo.hidayahsmart.solutions/docs,200,OK,Thread Group 1-79,text,true,,982,385,6,6,http://api.demo.hidayahsmart.solutions/docs,11,0,5
1695575278180,11,Test,200,"Number of samples in transaction : 1, number of failing samples : 0",Thread Group 1-79,,true,,982,385,6,6,null,11,0,5
1695575278191,7,http://api.demo.hidayahsmart.solutions/docs,200,OK,Thread Group 1-79,text,true,,982,385,6,6,http://api.demo.hidayahsmart.solutions/docs,7,0,0
1695575278191,7,Test,200,"Number of samples in transaction : 1, number of failing samples : 0",Thread Group 1-79,,true,,982,385,6,6,null,7,0,0
1695575278188,11,http://api.demo.hidayahsmart.solutions/docs,200,OK,Thread Group 1-80,text,true,,982,385,6,6,http://api.demo.hidayahsmart.solutions/docs,11,0,4
1695575278188,11,Test,200,"Number of samples in transaction : 1, number of failing samples : 0",Thread Group 1-80,,true,,982,385,6,6,null,11,0,4
1695575278199,6,http://api.demo.hidayahsmart.solutions/docs,200,OK,Thread Group 1-80,text,true,,982,385,6,6,http://api.demo.hidayahsmart.solutions/docs,6,0,0
1695575278199,6,Test,200,"Number of samples in transaction : 1, number of failing samples : 0",Thread Group 1-80,,true,,982,385,6,6,null,6,0,0
1695575278199,10,http://api.demo.hidayahsmart.solutions/docs,200,OK,Thread Group 1-81,text,true,,982,385,6,6,http://api.demo.hidayahsmart.solutions/docs,10,0,5
1695575278199,10,Test,200,"Number of samples in transaction : 1, number of failing samples : 0",Thread Group 1-81,,true,,982,385,6,6,null,10,0,5
1695575278209,6,http://api.demo.hidayahsmart.solutions/docs,200,OK,Thread Group 1-81,text,true,,982,385,6,6,http://api.demo.hidayahsmart.solutions/docs,6,0,0
1695575278209,6,Test,200,"Number of samples in transaction : 1, number of failing samples : 0",Thread Group 1-81,,true,,982,385,6,6,null,6,0,0
1695575278209,11,http://api.demo.hidayahsmart.solutions/docs,200,OK,Thread Group 1-82,text,true,,982,385,6,6,http://api.demo.hidayahsmart.solutions/docs,11,0,5
1695575278209,11,Test,200,"Number of samples in transaction : 1, number of failing samples : 0",Thread Group 1-82,,true,,982,385,6,6,null,11,0,5
1695575278220,6,http://api.demo.hidayahsmart.solutions/docs,200,OK,Thread Group 1-82,text,true,,982,385,6,6,http://api.demo.hidayahsmart.solutions/docs,6,0,0
1695575278220,6,Test,200,"Number of samples in transaction : 1, number of failing samples : 0",Thread Group 1-82,,true,,982,385,6,6,null,6,0,0
1695575278218,11,http://api.demo.hidayahsmart.solutions/docs,200,OK,Thread Group 1-83,text,true,,982,385,6,6,http://api.demo.hidayahsmart.solutions/docs,11,0,5
1695575278218,11,Test,200,"Number of samples in transaction : 1, number of failing samples : 0",Thread Group 1-83,,true,,982,385,6,6,null,11,0,5
1695575278229,6,http://api.demo.hidayahsmart.solutions/docs,200,OK,Thread Group 1-83,text,true,,982,385,6,6,http://api.demo.hidayahsmart.solutions/docs,6,0,0
1695575278229,6,Test,200,"Number of samples in transaction : 1, number of failing samples : 0",Thread Group 1-83,,true,,982,385,6,6,null,6,0,0
1695575278228,11,http://api.demo.hidayahsmart.solutions/docs,200,OK,Thread Group 1-84,text,true,,982,385,6,6,http://api.demo.hidayahsmart.solutions/docs,11,0,5
1695575278228,11,Test,200,"Number of samples in transaction : 1, number of failing samples : 0",Thread Group 1-84,,true,,982,385,6,6,null,11,0,5
1695575278239,7,http://api.demo.hidayahsmart.solutions/docs,200,OK,Thread Group 1-84,text,true,,982,385,6,6,http://api.demo.hidayahsmart.solutions/docs,7,0,0
1695575278239,7,Test,200,"Number of samples in transaction : 1, number of failing samples : 0",Thread Group 1-84,,true,,982,385,6,6,null,7,0,0
1695575278250,10,http://api.demo.hidayahsmart.solutions/docs,200,OK,Thread Group 1-86,text,true,,982,385,7,7,http://api.demo.hidayahsmart.solutions/docs,10,0,4
1695575278249,10,Test,200,"Number of samples in transaction : 1, number of failing samples : 0",Thread Group 1-86,,true,,982,385,7,7,null,10,1,4
1695575278259,10,http://api.demo.hidayahsmart.solutions/docs,200,OK,Thread Group 1-87,text,true,,982,385,8,8,http://api.demo.hidayahsmart.solutions/docs,10,0,4
1695575278258,10,Test,200,"Number of samples in transaction : 1, number of failing samples : 0",Thread Group 1-87,,true,,982,385,8,8,null,10,1,4
1695575278269,6,http://api.demo.hidayahsmart.solutions/docs,200,OK,Thread Group 1-87,text,true,,982,385,8,8,http://api.demo.hidayahsmart.solutions/docs,6,0,0
1695575278269,6,Test,200,"Number of samples in transaction : 1, number of failing samples : 0",Thread Group 1-87,,true,,982,385,8,8,null,6,0,0
1695575278270,9,http://api.demo.hidayahsmart.solutions/docs,200,OK,Thread Group 1-88,text,true,,982,385,8,8,http://api.demo.hidayahsmart.solutions/docs,9,0,4
1695575278269,9,Test,200,"Number of samples in transaction : 1, number of failing samples : 0",Thread Group 1-88,,true,,982,385,8,8,null,9,1,4
1695575278260,21,http://api.demo.hidayahsmart.solutions/docs,200,OK,Thread Group 1-86,text,true,,982,385,8,8,http://api.demo.hidayahsmart.solutions/docs,21,0,0
1695575278260,21,Test,200,"Number of samples in transaction : 1, number of failing samples : 0",Thread Group 1-86,,true,,982,385,8,8,null,21,0,0
1695575278280,6,http://api.demo.hidayahsmart.solutions/docs,200,OK,Thread Group 1-88,text,true,,982,385,7,7,http://api.demo.hidayahsmart.solutions/docs,6,0,0
1695575278280,6,Test,200,"Number of samples in transaction : 1, number of failing samples : 0",Thread Group 1-88,,true,,982,385,7,7,null,6,0,0
1695575278279,12,http://api.demo.hidayahsmart.solutions/docs,200,OK,Thread Group 1-89,text,true,,982,385,7,7,http://api.demo.hidayahsmart.solutions/docs,12,0,6
1695575278279,12,Test,200,"Number of samples in transaction : 1, number of failing samples : 0",Thread Group 1-89,,true,,982,385,7,7,null,12,0,6
1695575278291,6,http://api.demo.hidayahsmart.solutions/docs,200,OK,Thread Group 1-89,text,true,,982,385,7,7,http://api.demo.hidayahsmart.solutions/docs,6,0,0
1695575278291,6,Test,200,"Number of samples in transaction : 1, number of failing samples : 0",Thread Group 1-89,,true,,982,385,7,7,null,6,0,0
1695575278288,11,http://api.demo.hidayahsmart.solutions/docs,200,OK,Thread Group 1-90,text,true,,982,385,6,6,http://api.demo.hidayahsmart.solutions/docs,11,0,5
1695575278288,11,Test,200,"Number of samples in transaction : 1, number of failing samples : 0",Thread Group 1-90,,true,,982,385,6,6,null,11,0,5
1695575278299,6,http://api.demo.hidayahsmart.solutions/docs,200,OK,Thread Group 1-90,text,true,,982,385,7,7,http://api.demo.hidayahsmart.solutions/docs,6,0,0
1695575278299,6,Test,200,"Number of samples in transaction : 1, number of failing samples : 0",Thread Group 1-90,,true,,982,385,7,7,null,6,0,0
1695575278299,10,http://api.demo.hidayahsmart.solutions/docs,200,OK,Thread Group 1-91,text,true,,982,385,7,7,http://api.demo.hidayahsmart.solutions/docs,10,0,5
1695575278299,10,Test,200,"Number of samples in transaction : 1, number of failing samples : 0",Thread Group 1-91,,true,,982,385,7,7,null,10,1,5
1695575278310,6,http://api.demo.hidayahsmart.solutions/docs,200,OK,Thread Group 1-91,text,true,,982,385,7,7,http://api.demo.hidayahsmart.solutions/docs,6,0,0
1695575278310,6,Test,200,"Number of samples in transaction : 1, number of failing samples : 0",Thread Group 1-91,,true,,982,385,7,7,null,6,0,0
1695575278310,10,http://api.demo.hidayahsmart.solutions/docs,200,OK,Thread Group 1-92,text,true,,982,385,7,7,http://api.demo.hidayahsmart.solutions/docs,10,0,4
1695575278309,10,Test,200,"Number of samples in transaction : 1, number of failing samples : 0",Thread Group 1-92,,true,,982,385,7,7,null,10,1,4
1695575278320,5,http://api.demo.hidayahsmart.solutions/docs,200,OK,Thread Group 1-92,text,true,,982,385,7,7,http://api.demo.hidayahsmart.solutions/docs,5,0,0
1695575278320,5,Test,200,"Number of samples in transaction : 1, number of failing samples : 0",Thread Group 1-92,,true,,982,385,7,7,null,5,0,0
1695575278318,10,http://api.demo.hidayahsmart.solutions/docs,200,OK,Thread Group 1-93,text,true,,982,385,6,6,http://api.demo.hidayahsmart.solutions/docs,10,0,5
1695575278318,10,Test,200,"Number of samples in transaction : 1, number of failing samples : 0",Thread Group 1-93,,true,,982,385,6,6,null,10,0,5
1695575278328,7,http://api.demo.hidayahsmart.solutions/docs,200,OK,Thread Group 1-93,text,true,,982,385,7,7,http://api.demo.hidayahsmart.solutions/docs,7,0,0
1695575278328,7,Test,200,"Number of samples in transaction : 1, number of failing samples : 0",Thread Group 1-93,,true,,982,385,7,7,null,7,0,0
1695575278329,11,http://api.demo.hidayahsmart.solutions/docs,200,OK,Thread Group 1-94,text,true,,982,385,7,7,http://api.demo.hidayahsmart.solutions/docs,11,0,6
1695575278329,11,Test,200,"Number of samples in transaction : 1, number of failing samples : 0",Thread Group 1-94,,true,,982,385,7,7,null,11,0,6
1695575278341,6,http://api.demo.hidayahsmart.solutions/docs,200,OK,Thread Group 1-94,text,true,,982,385,7,7,http://api.demo.hidayahsmart.solutions/docs,6,0,0
1695575278341,6,Test,200,"Number of samples in transaction : 1, number of failing samples : 0",Thread Group 1-94,,true,,982,385,7,7,null,6,0,0
1695575278340,9,http://api.demo.hidayahsmart.solutions/docs,200,OK,Thread Group 1-95,text,true,,982,385,7,7,http://api.demo.hidayahsmart.solutions/docs,9,0,4
1695575278339,9,Test,200,"Number of samples in transaction : 1, number of failing samples : 0",Thread Group 1-95,,true,,982,385,7,7,null,9,1,4
1695575278350,5,http://api.demo.hidayahsmart.solutions/docs,200,OK,Thread Group 1-95,text,true,,982,385,7,7,http://api.demo.hidayahsmart.solutions/docs,5,0,0
1695575278349,5,Test,200,"Number of samples in transaction : 1, number of failing samples : 0",Thread Group 1-95,,true,,982,385,7,7,null,5,1,0
1695575278348,11,http://api.demo.hidayahsmart.solutions/docs,200,OK,Thread Group 1-96,text,true,,982,385,6,6,http://api.demo.hidayahsmart.solutions/docs,11,0,5
1695575278348,11,Test,200,"Number of samples in transaction : 1, number of failing samples : 0",Thread Group 1-96,,true,,982,385,6,6,null,11,0,5
1695575278359,6,http://api.demo.hidayahsmart.solutions/docs,200,OK,Thread Group 1-96,text,true,,982,385,7,7,http://api.demo.hidayahsmart.solutions/docs,6,0,0
1695575278359,6,Test,200,"Number of samples in transaction : 1, number of failing samples : 0",Thread Group 1-96,,true,,982,385,7,7,null,6,0,0
1695575278363,10,http://api.demo.hidayahsmart.solutions/docs,200,OK,Thread Group 1-97,text,true,,982,385,7,7,http://api.demo.hidayahsmart.solutions/docs,10,0,4
1695575278362,10,Test,200,"Number of samples in transaction : 1, number of failing samples : 0",Thread Group 1-97,,true,,982,385,7,7,null,10,1,4
1695575278373,6,http://api.demo.hidayahsmart.solutions/docs,200,OK,Thread Group 1-97,text,true,,982,385,7,7,http://api.demo.hidayahsmart.solutions/docs,6,0,0
1695575278373,6,Test,200,"Number of samples in transaction : 1, number of failing samples : 0",Thread Group 1-97,,true,,982,385,7,7,null,6,0,0
1695575278371,10,http://api.demo.hidayahsmart.solutions/docs,200,OK,Thread Group 1-98,text,true,,982,385,7,7,http://api.demo.hidayahsmart.solutions/docs,10,0,5
1695575278371,10,Test,200,"Number of samples in transaction : 1, number of failing samples : 0",Thread Group 1-98,,true,,982,385,7,7,null,10,1,5
1695575278382,7,http://api.demo.hidayahsmart.solutions/docs,200,OK,Thread Group 1-98,text,true,,982,385,7,7,http://api.demo.hidayahsmart.solutions/docs,7,0,0
1695575278382,7,Test,200,"Number of samples in transaction : 1, number of failing samples : 0",Thread Group 1-98,,true,,982,385,7,7,null,7,0,0
1695575278382,12,http://api.demo.hidayahsmart.solutions/docs,200,OK,Thread Group 1-99,text,true,,982,385,7,7,http://api.demo.hidayahsmart.solutions/docs,11,0,5
1695575278381,12,Test,200,"Number of samples in transaction : 1, number of failing samples : 0",Thread Group 1-99,,true,,982,385,7,7,null,11,1,5
1695575278394,6,http://api.demo.hidayahsmart.solutions/docs,200,OK,Thread Group 1-99,text,true,,982,385,7,7,http://api.demo.hidayahsmart.solutions/docs,6,0,0
1695575278394,6,Test,200,"Number of samples in transaction : 1, number of failing samples : 0",Thread Group 1-99,,true,,982,385,7,7,null,6,0,0
1695575278392,10,http://api.demo.hidayahsmart.solutions/docs,200,OK,Thread Group 1-100,text,true,,982,385,6,6,http://api.demo.hidayahsmart.solutions/docs,10,0,5
1695575278391,10,Test,200,"Number of samples in transaction : 1, number of failing samples : 0",Thread Group 1-100,,true,,982,385,6,6,null,10,1,5
1695575278403,5,http://api.demo.hidayahsmart.solutions/docs,200,OK,Thread Group 1-100,text,true,,982,385,6,6,http://api.demo.hidayahsmart.solutions/docs,5,0,0
1695575278402,5,Test,200,"Number of samples in transaction : 1, number of failing samples : 0",Thread Group 1-100,,true,,982,385,6,6,null,5,1,0
1695575278140,7018,http://api.demo.hidayahsmart.solutions/docs,200,OK,Thread Group 1-75,text,true,,982,385,5,5,http://api.demo.hidayahsmart.solutions/docs,7018,0,7011
1695575278140,7018,Test,200,"Number of samples in transaction : 1, number of failing samples : 0",Thread Group 1-75,,true,,982,385,5,5,null,7018,4,7011
1695575285162,6,http://api.demo.hidayahsmart.solutions/docs,200,OK,Thread Group 1-75,text,true,,982,385,5,5,http://api.demo.hidayahsmart.solutions/docs,6,0,0
1695575285161,6,Test,200,"Number of samples in transaction : 1, number of failing samples : 0",Thread Group 1-75,,true,,982,385,5,5,null,6,2,0
1695575277911,15039,http://api.demo.hidayahsmart.solutions/docs,200,OK,Thread Group 1-52,text,true,,982,385,4,4,http://api.demo.hidayahsmart.solutions/docs,15039,0,15029
1695575277910,15039,Test,200,"Number of samples in transaction : 1, number of failing samples : 0",Thread Group 1-52,,true,,982,385,4,4,null,15039,1,15029
1695575292949,16,http://api.demo.hidayahsmart.solutions/docs,200,OK,Thread Group 1-52,text,true,,982,385,4,4,http://api.demo.hidayahsmart.solutions/docs,16,0,0
1695575292949,16,Test,200,"Number of samples in transaction : 1, number of failing samples : 0",Thread Group 1-52,,true,,982,385,4,4,null,16,0,0
1695575277504,21058,http://api.demo.hidayahsmart.solutions/docs,Non HTTP response code: org.apache.http.conn.HttpHostConnectException,Non HTTP response message: Connect to api.demo.hidayahsmart.solutions:80 [api.demo.hidayahsmart.solutions/182.16.156.100] failed: Connection timed out: connect,Thread Group 1-11,text,false,,2849,0,3,3,http://api.demo.hidayahsmart.solutions/docs,0,0,21058
1695575277503,21058,Test,,"Number of samples in transaction : 1, number of failing samples : 1",Thread Group 1-11,,false,,2849,0,3,3,null,0,2,21058
1695575298563,12,http://api.demo.hidayahsmart.solutions/docs,200,OK,Thread Group 1-11,text,true,,982,385,3,3,http://api.demo.hidayahsmart.solutions/docs,12,0,5
1695575298562,12,Test,200,"Number of samples in transaction : 1, number of failing samples : 0",Thread Group 1-11,,true,,982,385,3,3,null,12,2,5
1695575277574,21033,http://api.demo.hidayahsmart.solutions/docs,Non HTTP response code: org.apache.http.conn.HttpHostConnectException,Non HTTP response message: Connect to api.demo.hidayahsmart.solutions:80 [api.demo.hidayahsmart.solutions/182.16.156.100] failed: Connection timed out: connect,Thread Group 1-18,text,false,,2849,0,2,2,http://api.demo.hidayahsmart.solutions/docs,0,0,21033
1695575277571,21033,Test,,"Number of samples in transaction : 1, number of failing samples : 1",Thread Group 1-18,,false,,2849,0,2,2,null,0,3,21033
1695575298607,12,http://api.demo.hidayahsmart.solutions/docs,200,OK,Thread Group 1-18,text,true,,982,385,2,2,http://api.demo.hidayahsmart.solutions/docs,12,0,5
1695575298606,12,Test,200,"Number of samples in transaction : 1, number of failing samples : 0",Thread Group 1-18,,true,,982,385,2,2,null,12,2,5
1695575278239,21024,http://api.demo.hidayahsmart.solutions/docs,Non HTTP response code: org.apache.http.conn.HttpHostConnectException,Non HTTP response message: Connect to api.demo.hidayahsmart.solutions:80 [api.demo.hidayahsmart.solutions/182.16.156.100] failed: Connection timed out: connect,Thread Group 1-85,text,false,,2849,0,1,1,http://api.demo.hidayahsmart.solutions/docs,0,0,21024
1695575278239,21024,Test,,"Number of samples in transaction : 1, number of failing samples : 1",Thread Group 1-85,,false,,2849,0,1,1,null,0,1,21024
1695575299263,13,http://api.demo.hidayahsmart.solutions/docs,200,OK,Thread Group 1-85,text,true,,982,385,1,1,http://api.demo.hidayahsmart.solutions/docs,13,0,5
1695575299263,13,Test,200,"Number of samples in transaction : 1, number of failing samples : 0",Thread Group 1-85,,true,,982,385,1,1,null,13,0,5
